Category,Model,Model Year,Manufacturer,Fuel,All-Electric Range,Alternative Fuel Economy Combined,Conventional Fuel Economy Combined,Transmission Type,Engine Size
Sedan/Wagon,NSX,2022,Acura,Hybrid Electric,,,21.0,Automatic,3.5L
Sedan/Wagon,A3 ,2022,Audi,Hybrid Electric,,,32.0,Automatic,2.0L
Sedan/Wagon,A3 quattro,2022,Audi,Hybrid Electric,,,31.0,Automatic,2.0L
Sedan/Wagon,A4 allroad quattro,2022,Audi,Hybrid Electric,,,26.0,Automatic,2.0L
Sedan/Wagon,A4 quattro,2022,Audi,Hybrid Electric,,,29.0,Automatic,2.0L
Sedan/Wagon,A4 S line quattro,2022,Audi,Hybrid Electric,,,27.0,Automatic,2.0L
Sedan/Wagon,A5 Cabriolet quattro,2022,Audi,Hybrid Electric,,,26.0,Automatic,2.0L
Sedan/Wagon,A5 Coupe quattro,2022,Audi,Hybrid Electric,,,27.0,Automatic,2.0L
Sedan/Wagon,A5 Sportback quattro,2022,Audi,Hybrid Electric,,,29.0,Automatic,2.0L
Sedan/Wagon,A5 Sportback S line quattro,2022,Audi,Hybrid Electric,,,27.0,Automatic,2.0L
Sedan/Wagon,A6 Allroad quattro,2022,Audi,Hybrid Electric,,,23.0,Automatic,3.0L
Sedan/Wagon,A6 quattro,2022,Audi,Hybrid Electric,,,24.0,Automatic,3.0L
Sedan/Wagon,A7 quattro,2022,Audi,Hybrid Electric,,,24.0,Automatic,3.0L
Sedan/Wagon,A7 TFSI e quattro,2022,Audi,Plug-in Hybrid Electric,26.0,70.0,27.0,Automatic,2.0L
Sedan/Wagon,A8L quattro,2022,Audi,Hybrid Electric,,,22.0,Automatic,3.0L
Sedan/Wagon,e-tron GT,2022,Audi,Electric,238.0,82.0,,Automatic,175 kW electric motor
SUV,e-tron quattro,2022,Audi,Electric,222.0,78.0,,Automatic,141 kW and 172 kW electric motor
SUV,"e-tron S (20"" wheels)",2022,Audi,Electric,208.0,73.0,,Automatic,138kW electric motor
SUV,"e-tron S (21"" or 22"" wheels)",2022,Audi,Electric,181.0,63.0,,Automatic,138kW electric motor
SUV,e-tron Sportback quattro,2022,Audi,Electric,218.0,77.0,,Automatic,141 kW and 172 kW electric motor
SUV,"e-tron S Sportback (20"" wheels)",2022,Audi,Electric,212.0,75.0,,Automatic,138kW electric motor
SUV,"e-tron S Sportback (21"" or 22"" wheels)",2022,Audi,Electric,185.0,65.0,,Automatic,157kW electric motor
SUV,Q4 e-tron quattro,2022,Audi,Electric,241.0,95.0,,Automatic,80 kW and 150 kW electric motor
SUV,Q4 e-tron Sportback quattro,2022,Audi,Electric,241.0,95.0,,Automatic,80 kW and 150 kW electric motor
SUV,Q5 quattro,2022,Audi,Hybrid Electric,,,25.0,Automatic,2.0L
SUV,Q5 S line quattro,2022,Audi,Hybrid Electric,,,25.0,Automatic,2.0L
SUV,Q5 Sportback S line quattro,2022,Audi,Hybrid Electric,,,25.0,Automatic,2.0L
Sedan/Wagon,Q5 TFSI e quattro,2022,Audi,Plug-in Hybrid Electric,23.0,61.0,26.0,Automatic,2.0L
SUV,Q7 quattro,2022,Audi,Hybrid Electric,,,20.0,Automatic,3.0L
SUV,Q8 quattro,2022,Audi,Hybrid Electric,,,20.0,Automatic,3.0L
Sedan/Wagon,RS 6 Avant,2022,Audi,Hybrid Electric,,,17.0,Automatic,4.0L
Sedan/Wagon,RS7,2022,Audi,Hybrid Electric,,,17.0,Automatic,4.0L
SUV,RS e-tron GT,2022,Audi,Electric,241.0,95.0,,Automatic,335 kW electric motor
Sedan/Wagon,RS Q8,2022,Audi,Hybrid Electric,,,15.0,Automatic,4.0L
Sedan/Wagon,S6,2022,Audi,Hybrid Electric,,,22.0,Automatic,2.9L
Sedan/Wagon,S7,2022,Audi,Hybrid Electric,,,22.0,Automatic,2.9L
Sedan/Wagon,S8,2022,Audi,Hybrid Electric,,,17.0,Automatic,4.0L
Sedan/Wagon,Flying Spur Hybrid,2022,Bentley Motors,Plug-in Hybrid Electric,21.0,46.0,19.0,Automatic,2.9L
Sedan/Wagon,330e Sedan,2022,BMW,Plug-in Hybrid Electric,23.0,75.0,28.0,Automatic,2.0L
Sedan/Wagon,330e xDrive,2022,BMW,Plug-in Hybrid Electric,20.0,67.0,25.0,Automatic,2.0L
Sedan/Wagon,530e Sedan,2022,BMW,Plug-in Hybrid Electric,21.0,64.0,26.0,Automatic,2.0L
Sedan/Wagon,530e xDrive Sedan,2022,BMW,Plug-in Hybrid Electric,19.0,62.0,25.0,Automatic,2.0L
Sedan/Wagon,540i Sedan,2022,BMW,Hybrid Electric,,,27.0,Automatic,3.0L
Sedan/Wagon,540i xDrive Sedan,2022,BMW,Hybrid Electric,,,25.0,Automatic,3.0L
Sedan/Wagon,745e xDrive,2022,BMW,Plug-in Hybrid Electric,17.0,56.0,22.0,Automatic,3.0L
Sedan/Wagon,"i4 eDrive40 Gran Coupe (18"" Wheels) ",2022,BMW,Electric,301.0,109.0,,Automatic,250 kW electric motor
Sedan/Wagon,"i4 eDrive40 Gran Coupe (19"" Wheels) ",2022,BMW,Electric,282.0,99.0,,Automatic,250 kW electric motor
Sedan/Wagon,"i4 M50 Gran Coupe (19"" Wheels) ",2022,BMW,Electric,270.0,96.0,,Automatic,190 and 230 kW electric motors
Sedan/Wagon,"i4 M50 Gran Coupe (20"" Wheels) ",2022,BMW,Electric,227.0,80.0,,Automatic,190 and 230 kW electric motors
SUV,"iX xDrive50 (20"" Wheels) ",2022,BMW,Electric,324.0,86.0,,Automatic,190 and 230 kW electric motors
SUV,"iX xDrive50 (21"" Wheels) ",2022,BMW,Electric,305.0,83.0,,Automatic,190 and 230 kW electric motors
SUV,"iX xDrive50 (22"" Wheels) ",2022,BMW,Electric,315.0,86.0,,Automatic,190 and 230 kW electric motors
Sedan/Wagon,M340i Sedan,2022,BMW,Hybrid Electric,,,26.0,Automatic,3.0L
Sedan/Wagon,M340i xDrive Sedan,2022,BMW,Hybrid Electric,,,26.0,Automatic,3.0L
Sedan/Wagon,M440i Convertible,2022,BMW,Hybrid Electric,,,26.0,Automatic,3.0L
Sedan/Wagon,M440i Coupe,2022,BMW,Hybrid Electric,,,28.0,Automatic,3.0L
Sedan/Wagon,M440i xDrive Convertible,2022,BMW,Hybrid Electric,,,26.0,Automatic,3.0L
Sedan/Wagon,M440i xDrive Coupe,2022,BMW,Hybrid Electric,,,26.0,Automatic,3.0L
Sedan/Wagon,M440i xDrive Gran Coupe,2022,BMW,Hybrid Electric,,,25.0,Automatic,3.0L
SUV,X3 M40i,2022,BMW,Hybrid Electric,,,23.0,Automatic,3.0L
SUV,X4 M40i,2022,BMW,Hybrid Electric,,,23.0,Automatic,3.0L
SUV,X5 sDrive40i,2022,BMW,Hybrid Electric,,,23.0,Automatic,3.0L
SUV,X5 xDrive40i,2022,BMW,Hybrid Electric,,,23.0,Automatic,3.0L
SUV,X5 xDrive45e,2022,BMW,Plug-in Hybrid Electric,31.0,50.0,20.0,Automatic,3.0L
SUV,X6 xDrive40i,2022,BMW,Hybrid Electric,,,23.0,Automatic,3.0L
SUV,X7 xDrive40i,2022,BMW,Hybrid Electric,,,21.0,Automatic,3.0L
SUV,Escalade 2WD,2022,Cadillac,Biodiesel (B20),,,23.0,Automatic,3.0L
SUV,Escalade 4WD,2022,Cadillac,Biodiesel (B20),,,22.0,Automatic,3.0L
Sedan/Wagon,Bolt EUV,2022,Chevrolet,Electric,247.0,115.0,,,150 kW electric motor
Sedan/Wagon,Bolt EV,2022,Chevrolet,Electric,259.0,120.0,,,150 kW electric motor
Pickup,Colorado 2WD,2022,Chevrolet,Biodiesel (B20),,,23.0,Automatic,2.8L
Pickup,Colorado 4WD,2022,Chevrolet,Biodiesel (B20),,,22.0,Automatic,2.8L
Pickup,Colorado ZR2 4WD,2022,Chevrolet,Biodiesel (B20),,,19.0,Automatic,2.8L
Pickup,Silverado 2WD,2022,Chevrolet,Ethanol (E85),,12.0,16.0,Automatic,5.3L
Pickup,Silverado 2WD,2022,Chevrolet,Biodiesel (B20),,,26.0,Automatic,3.0L
Pickup,Silverado 4WD,2022,Chevrolet,Ethanol (E85),,12.0,15.0,Automatic,5.3L
Pickup,Silverado 4WD,2022,Chevrolet,Biodiesel (B20),,,23.0,Automatic,3.0L
Pickup,Silverado 4WD - Mud Terrain Tires,2022,Chevrolet,Biodiesel (B20),,,21.0,Automatic,3.0L
Pickup,Silverado 4WD - Mud Terrain Tires,2022,Chevrolet,Ethanol (E85),,11.0,15.0,Automatic,5.3L
SUV,Suburban 2WD,2022,Chevrolet,Biodiesel (B20),,,23.0,Automatic,3.0L
SUV,Suburban 4WD,2022,Chevrolet,Biodiesel (B20),,,22.0,Automatic,3.0L
SUV,Tahoe 2WD,2022,Chevrolet,Biodiesel (B20),,,24.0,Automatic,3.0L
SUV,Tahoe 4WD,2022,Chevrolet,Biodiesel (B20),,,22.0,Automatic,3.0L
Van,Pacifica Hybrid,2022,Chrysler,Plug-in Hybrid Electric,32.0,82.0,30.0,Automatic,3.6L
Sedan/Wagon,SF90 Spyder,2022,Ferrari,Plug-in Hybrid Electric,8.0,44.0,17.0,Automatic,3.9L
Sedan/Wagon,SF90 Stradale ,2022,Ferrari,Plug-in Hybrid Electric,9.0,51.0,18.0,Automatic,3.9L
Sedan/Wagon,Escape AWD HEV,2022,Ford,Hybrid Electric,,,40.0,Automatic,2.5L I4
Sedan/Wagon,Escape FWD HEV,2022,Ford,Hybrid Electric,,,41.0,Automatic,2.5L I4
SUV,Escape FWD PHEV,2022,Ford,Plug-in Hybrid Electric,37.0,105.0,41.0,Automatic,2.5L
SUV,Explorer AWD FFV,2022,Ford,Ethanol (E85),,13.0,19.0,Automatic,3.3L
SUV,Explorer HEV AWD,2022,Ford,Hybrid Electric,,,25.0,Automatic,3.3L V6
SUV,Explorer HEV RWD,2022,Ford,Hybrid Electric,,,27.0,Automatic,3.3L V6
SUV,Explorer Platinum HEV ,2022,Ford,Hybrid Electric,,,23.0,Automatic,3.3L V6
Pickup,F-150 2WD FFV,2022,Ford,Ethanol (E85),,16.0,21.0,Automatic,3.3L
Pickup,F-150 2WD FFV - Without Start/Stop,2022,Ford,Ethanol (E85),,14.0,19.0,Automatic,5.0L
Pickup,F-150 2WD FFV - With Start/Stop,2022,Ford,Ethanol (E85),,14.0,20.0,Automatic,5.0L
Pickup,F-150 4WD FFV,2022,Ford,Ethanol (E85),,15.0,20.0,Automatic,3.3L
Pickup,F-150 4WD FFV - Without Start/Stop,2022,Ford,Ethanol (E85),,14.0,18.0,Automatic,5.0L
Pickup,F-150 4WD FFV - With Start/Stop,2022,Ford,Ethanol (E85),,13.0,19.0,Automatic,5.0L
Pickup,F150 Lightning 4WD,2022,Ford,Electric,230.0,68.0,,Automatic,358 kW electric motors (x2)
Pickup,F150 Lightning 4WD Extended Range,2022,Ford,Electric,320.0,70.0,,Automatic,210 kW electric motors (x2)
Pickup,F150 Lightning Platinum 4WD,2022,Ford,Electric,300.0,66.0,,Automatic,210 kW electric motors (x2)
Pickup,F150 Pickup 2WD HEV,2022,Ford,Hybrid Electric,,,25.0,Automatic,3.5L V6
Pickup,F150 Pickup 4WD HEV,2022,Ford,Hybrid Electric,,,23.0,Automatic,3.5L V6
Pickup,Maverick Pickup HEV,2022,Ford,Hybrid Electric,,,37.0,Automatic,2.5L V6
SUV,Mustang Mach-E AWD,2022,Ford,Electric,224.0,93.0,,Automatic,198 kW electric motors (x2)
SUV,Mustang Mach-E AWD California Route 1,2022,Ford,Electric,312.0,98.0,,Automatic,258 kW electric motors (x2)
SUV,Mustang Mach-E AWD Extended,2022,Ford,Electric,277.0,91.0,,Automatic,258 kW electric motors (x2)
SUV,Mustang Mach-E GT AWD,2022,Ford,Electric,270.0,84.0,,Automatic,179  kW electric motors (X2)
SUV,Mustang Mach-E GT Performance,2022,Ford,Electric,260.0,82.0,,Automatic,179  kW electric motor
SUV,Mustang Mach-E RWD,2022,Ford,Electric,247.0,103.0,,Automatic,198 kW electric motor
SUV,Mustang Mach-E RWD California Route 1,2022,Ford,Electric,314.0,101.0,,Automatic,216 kW electric motor
SUV,Mustang Mach-E RWD Extended,2022,Ford,Electric,303.0,97.0,,Automatic,216 kW electric motor
Van,Transit Connect Van FFV,2022,Ford,Ethanol (E85),,19.0,25.0,Automatic,2.0L
Passenger Van/Shuttle Bus,Transit Connect Wagon LWB FFV,2022,Ford,Ethanol (E85),,18.0,26.0,Automatic,2.0L
Van,Transit T150 Passenger Van 2WD FFV,2022,Ford,Ethanol (E85),,12.0,17.0,Automatic,3.5L
Van,Transit T150 Passenger Van 4WD FFV,2022,Ford,Ethanol (E85),,12.0,16.0,Automatic,3.5L
Pickup,Canyon 2WD,2022,GMC,Biodiesel (B20),,,23.0,Automatic,2.8L
Pickup,Canyon 4WD,2022,GMC,Biodiesel (B20),,,22.0,Automatic,2.8L
Pickup,Sierra 2WD,2022,GMC,Ethanol (E85),,12.0,16.0,Automatic,5.3L
Pickup,Sierra 2WD,2022,GMC,Biodiesel (B20),,,26.0,Automatic,3.0L
Pickup,Sierra 4WD,2022,GMC,Ethanol (E85),,12.0,16.0,Automatic,5.3L
Pickup,Sierra 4WD,2022,GMC,Biodiesel (B20),,,24.0,Automatic,3.0L
Pickup,Sierra 4WD - Mud Terrain Tires,2022,GMC,Biodiesel (B20),,,21.0,Automatic,3.0L
Pickup,Sierra 4WD - Mud Terrain Tires,2022,GMC,Ethanol (E85),,12.0,15.0,Automatic,5.3L
SUV,Yukon 2WD,2022,GMC,Biodiesel (B20),,,23.0,Automatic,3.0L
SUV,Yukon 4WD,2022,GMC,Biodiesel (B20),,,22.0,Automatic,3.0L
SUV,Yukon XL 2WD,2022,GMC,Biodiesel (B20),,,23.0,Automatic,3.0L
SUV,Yukon XL 4WD,2022,GMC,Biodiesel (B20),,,22.0,Automatic,3.0L
Sedan/Wagon,Accord,2022,Honda,Hybrid Electric,,,47.0,Automatic,2.0L
Sedan/Wagon,Accord Sport/Touring,2022,Honda,Hybrid Electric,,,43.0,Automatic,2.0L
SUV,CR-V AWD,2022,Honda,Hybrid Electric,,,38.0,Automatic,2.0L
Sedan/Wagon,Insight,2022,Honda,Hybrid Electric,,,52.0,Automatic,1.5L
Sedan/Wagon,Insight Touring,2022,Honda,Hybrid Electric,,,48.0,Automatic,1.5L
Sedan/Wagon,Elantra Hybrid,2022,Hyundai,Hybrid Electric,,,50.0,Automatic,1.6L
Sedan/Wagon,Elantra Hybrid Blue,2022,Hyundai,Hybrid Electric,,,54.0,Automatic,1.6L
Sedan/Wagon,Ioniq,2022,Hyundai,Hybrid Electric,,,55.0,Automatic,1.6L
SUV,Ioniq 5 AWD (Long Range),2022,Hyundai,Electric,256.0,98.0,,Automatic,74 kW and 165 kW electric motors
SUV,Ioniq 5 RWD,2022,Hyundai,Electric,220.0,110.0,,Automatic,125 kW electric motor
SUV,Ioniq 5 RWD (Long Range),2022,Hyundai,Electric,303.0,114.0,,Automatic,168 kW electric motor
Sedan/Wagon,Ioniq Blue,2022,Hyundai,Hybrid Electric,,,59.0,Automatic,1.6L
Sedan/Wagon,Ioniq Plug-in Hybrid,2022,Hyundai,Plug-in Hybrid Electric,29.0,119.0,52.0,Automatic,1.6L
SUV,Kona Electric,2022,Hyundai,Electric,258.0,120.0,,Automatic,150 kW electric motor
SUV,Nexo,2022,Hyundai,Hydrogen Fuel Cell,,57.0,,Automatic,120 kW electric motor
SUV,Nexo Blue,2022,Hyundai,Hydrogen Fuel Cell,,61.0,,Automatic,120 kW electric motor
Sedan/Wagon,Santa Fe Hybrid,2022,Hyundai,Hybrid Electric,,,32.0,Automatic,1.6L
Sedan/Wagon,Santa Fe Hybrid Blue,2022,Hyundai,Hybrid Electric,,,34.0,Automatic,1.6L
Sedan/Wagon,Santa Fe Plug-in Hybrid,2022,Hyundai,Plug-in Hybrid Electric,31.0,76.0,33.0,Automatic,1.6L
Sedan/Wagon,Sonata Hybrid,2022,Hyundai,Hybrid Electric,,,47.0,Automatic,2.0L
Sedan/Wagon,Sonata Hybrid Blue,2022,Hyundai,Hybrid Electric,,,52.0,Automatic,2.0L
Sedan/Wagon,Tucson Hybrid,2022,Hyundai,Hybrid Electric,,,37.0,Automatic,1.6L
Sedan/Wagon,Tucson Hybrid Blue,2022,Hyundai,Hybrid Electric,,,38.0,Automatic,1.6L
SUV,Tucson Plug-in Hybrid,2022,Hyundai,Plug-in Hybrid Electric,33.0,80.0,35.0,Automatic,1.6L
SUV,E-PACE MHEV,2022,Jaguar,Hybrid Electric,,,23.0,Automatic,2.0L
SUV,F-PACE P340 MHEV,2022,Jaguar,Hybrid Electric,,,22.0,Automatic,3.0L
SUV,F-PACE P400 MHEV,2022,Jaguar,Hybrid Electric,,,22.0,Automatic,3.0L
SUV,Grand Cherokee 4xe,2022,Jeep,Plug-in Hybrid Electric,26.0,56.0,23.0,Automatic,2.0L
SUV,Wagoneer 4x2,2022,Jeep,Hybrid Electric,,,18.0,Automatic,5.7L
SUV,Wagoneer 4x4,2022,Jeep,Hybrid Electric,,,17.0,Automatic,5.7L
SUV,Wrangler 2dr 4x4,2022,Jeep,Hybrid Electric,,,21.0,Automatic,3.6L
SUV,Wrangler 4dr 4x4,2022,Jeep,Hybrid Electric,,,21.0,Automatic,3.6L
SUV,Wrangler 4dr 4xe,2022,Jeep,Plug-in Hybrid Electric,22.0,49.0,20.0,Automatic,2.0L
Sedan/Wagon,EV6 AWD (Long Range) ,2022,Kia,Electric,274.0,105.0,,Automatic,74 kW and 165 kW electric motors
Sedan/Wagon,EV6 RWD,2022,Kia,Electric,232.0,117.0,,Automatic,125 kW electric motor
Sedan/Wagon,EV6 RWD (Long Range) ,2022,Kia,Electric,310.0,117.0,,Automatic,168 kW electric motor
Sedan/Wagon,Niro,2022,Kia,Hybrid Electric,,,49.0,Automatic,1.6L
Sedan/Wagon,Niro Electric,2022,Kia,Electric,239.0,112.0,,Automatic,150 kW electric motor
Sedan/Wagon,Niro FE,2022,Kia,Hybrid Electric,,,50.0,Automatic,1.6L
Sedan/Wagon,Niro Plug-in Hybrid,2022,Kia,Plug-in Hybrid Electric,26.0,105.0,46.0,Automatic,1.6L
Sedan/Wagon,Niro Touring,2022,Kia,Hybrid Electric,,,43.0,Automatic,1.6L
SUV,Sorento Hybrid AWD,2022,Kia,Hybrid Electric,,,35.0,Automatic,1.6L
SUV,Sorento Hybrid FWD,2022,Kia,Hybrid Electric,,,37.0,Automatic,1.6L
SUV,Sorento Plug-in Hybrid,2022,Kia,Plug-in Hybrid Electric,32.0,79.0,34.0,Automatic,1.6L
SUV,Defender 110 MHEV,2022,Land Rover,Hybrid Electric,,,19.0,Automatic,3.0L
SUV,Defender 90 MHEV,2022,Land Rover,Hybrid Electric,,,19.0,Automatic,3.0L
SUV,Discovery MHEV,2022,Land Rover,Hybrid Electric,,,21.0,Automatic,3.0L
SUV,New Range Rover P360 LWB MHEV,2022,Land Rover,Hybrid Electric,,,21.0,Automatic,3.0L
SUV,New Range Rover P360 MHEV,2022,Land Rover,Hybrid Electric,,,21.0,Automatic,3.0L
SUV,New Range Rover P400 LWB MHEV,2022,Land Rover,Hybrid Electric,,,21.0,Automatic,3.0L
SUV,New Range Rover P400 MHEV,2022,Land Rover,Hybrid Electric,,,21.0,Automatic,3.0L
SUV,Range Rover Evoque MHEV,2022,Land Rover,Hybrid Electric,,,23.0,Automatic,2.0L
SUV,Range Rover P360 MHEV,2022,Land Rover,Hybrid Electric,,,20.0,Automatic,3.0L
SUV,Range Rover P400 MHEV,2022,Land Rover,Hybrid Electric,,,20.0,Automatic,3.0L
SUV,Range Rover Sport P360 MHEV,2022,Land Rover,Hybrid Electric,,,21.0,Automatic,3.0L
SUV,Range Rover Sport P400 MHEV,2022,Land Rover,Hybrid Electric,,,21.0,Automatic,3.0L
SUV,Range Rover Sport PHEV,2022,Land Rover,Plug-in Hybrid Electric,19.0,42.0,19.0,Automatic,2.0L
SUV,Range Rover Velar P340 MHEV,2022,Land Rover,Hybrid Electric,,,22.0,Automatic,3.0L
SUV,Range Rover Velar P400 MHEV,2022,Land Rover,Hybrid Electric,,,21.0,Automatic,3.0L
Sedan/Wagon,ES 300h,2022,Lexus,Hybrid Electric,,,44.0,Automatic,2.5L
Sedan/Wagon,LC 500h,2022,Lexus,Hybrid Electric,,,29.0,Automatic,3.5L
Sedan/Wagon,LS 500h AWD,2022,Lexus,Hybrid Electric,,,25.0,Automatic,3.5L
SUV,NX 350h AWD,2022,Lexus,Hybrid Electric,,,39.0,Automatic,2.5L
SUV,NX 450+ AWD,2022,Lexus,Plug-in Hybrid Electric,37.0,84.0,36.0,Automatic,2.5L
SUV,RX 450h AWD,2022,Lexus,Hybrid Electric,,,30.0,Automatic,3.5L
SUV,RX 450h L AWD,2022,Lexus,Hybrid Electric,,,29.0,Automatic,3.5L
Sedan/Wagon,UX 250h,2022,Lexus,Hybrid Electric,,,42.0,Automatic,2.0L
Sedan/Wagon,UX 250h AWD,2022,Lexus,Hybrid Electric,,,39.0,Automatic,2.0L
SUV,Aviator AWD PHEV,2022,Lincoln,Plug-in Hybrid Electric,21.0,56.0,23.0,Automatic,3.0L
SUV,Corsair AWD PHEV,2022,Lincoln,Plug-in Hybrid Electric,28.0,78.0,33.0,Automatic,2.5L
Sedan/Wagon,"Air Dream P AWD w/19"" wheels",2022,"Lucid USA, Inc.",Electric,471.0,116.0,,Automatic,370kW and 459kW electric motors
Sedan/Wagon,"Air Dream P AWD w/21"" wheels",2022,"Lucid USA, Inc.",Electric,451.0,111.0,,Automatic,370kW and 459kW electric motors
Sedan/Wagon,"Air Dream R AWD w/19"" wheels",2022,"Lucid USA, Inc.",Electric,520.0,125.0,,Automatic,198kW and 498kW electric motors
Sedan/Wagon,"Air Dream R AWD w/21"" wheels",2022,"Lucid USA, Inc.",Electric,481.0,116.0,,Automatic,198kW and 498kW electric motors
Sedan/Wagon,"Air G Touring AWD w/19"" wheels",2022,"Lucid USA, Inc.",Electric,516.0,131.0,,Automatic,178kW and 433kW electric motors
Sedan/Wagon,"Air G Touring AWD w/21"" wheels",2022,"Lucid USA, Inc.",Electric,469.0,121.0,,Automatic,178kW and 433kW electric motors
Sedan/Wagon,MX-30,2022,Mazda,Electric,100.0,92.0,,,81 kW electric motor
Sedan/Wagon,AMG E53 4MATIC+,2022,Mercedes-Benz,Hybrid Electric,,,24.0,Automatic,3.0L
Sedan/Wagon,AMG E53 4MATIC+ (Convertible),2022,Mercedes-Benz,Hybrid Electric,,,23.0,Automatic,3.0L
Sedan/Wagon,AMG E53 4MATIC+ (Coupe),2022,Mercedes-Benz,Hybrid Electric,,,23.0,Automatic,3.0L
SUV,AMG GLE 53 4MATIC+,2022,Mercedes-Benz,Hybrid Electric,,,19.0,Automatic,3.0L
SUV,AMG GLE 53 4MATIC+ (Coupe),2022,Mercedes-Benz,Hybrid Electric,,,19.0,Automatic,3.0L
SUV,AMG GLE 63 4MATIC+,2022,Mercedes-Benz,Hybrid Electric,,,15.0,Automatic,4.0L
SUV,AMG GLE 63 S 4MATIC+,2022,Mercedes-Benz,Hybrid Electric,,,16.0,Automatic,4.0L
SUV,AMG GLE 63 S 4MATIC+ (coupe),2022,Mercedes-Benz,Hybrid Electric,,,16.0,Automatic,4.0L
Sedan/Wagon,AMG GT 43 4MATIC+,2022,Mercedes-Benz,Hybrid Electric,,,21.0,Automatic,3.0L
Sedan/Wagon,AMG GT 53 4MATIC+,2022,Mercedes-Benz,Hybrid Electric,,,21.0,Automatic,3.0L
Sedan/Wagon,C 300,2022,Mercedes-Benz,Hybrid Electric,,,29.0,Automatic,2.0L
Sedan/Wagon,C 300 4MATIC,2022,Mercedes-Benz,Hybrid Electric,,,27.0,Automatic,2.0L
Sedan/Wagon,CLS 450 4MATIC,2022,Mercedes-Benz,Hybrid Electric,,,25.0,Automatic,3.0L
Sedan/Wagon,E 450 4MATIC,2022,Mercedes-Benz,Hybrid Electric,,,25.0,Automatic,3.0L
Sedan/Wagon,E 450 4MATIC All-Terrain (wagon),2022,Mercedes-Benz,Hybrid Electric,,,24.0,Automatic,3.0L
Sedan/Wagon,E 450 4MATIC (Convertible),2022,Mercedes-Benz,Hybrid Electric,,,24.0,Automatic,3.0L
Sedan/Wagon,E 450 4MATIC (Coupe),2022,Mercedes-Benz,Hybrid Electric,,,24.0,Automatic,3.0L
Sedan/Wagon,E 450 (Convertible),2022,Mercedes-Benz,Hybrid Electric,,,25.0,Automatic,3.0L
Sedan/Wagon,E 450 (Coupe),2022,Mercedes-Benz,Hybrid Electric,,,25.0,Automatic,3.0L
Sedan/Wagon,EQS450+,2022,Mercedes-Benz,Electric,350.0,97.0,,Automatic,245 kW electric motor
Sedan/Wagon,EQS 580 4MATIC,2022,Mercedes-Benz,Electric,340.0,95.0,,Automatic,135 and 255 kW electric motors
SUV,GLE 450 4MATIC,2022,Mercedes-Benz,Hybrid Electric,,,22.0,Automatic,3.0L
SUV,GLE 580 4MATIC,2022,Mercedes-Benz,Hybrid Electric,,,18.0,Automatic,4.0L
SUV,GLS 450 4MATIC,2022,Mercedes-Benz,Hybrid Electric,,,20.0,Automatic,3.0L
SUV,GLS 580 4MATIC,2022,Mercedes-Benz,Hybrid Electric,,,18.0,Automatic,4.0L
SUV,GLS 600 4MATIC Maybach,2022,Mercedes-Benz,Hybrid Electric,,,17.0,Automatic,4.0L
Sedan/Wagon,S 500 4MATIC,2022,Mercedes-Benz,Hybrid Electric,,,24.0,Automatic,3.0L
Sedan/Wagon,S 580 4MATIC,2022,Mercedes-Benz,Hybrid Electric,,,19.0,Automatic,4.0L
Sedan/Wagon,S 580 4MATIC Maybach,2022,Mercedes-Benz,Hybrid Electric,,,18.0,Automatic,4.0L
Sedan/Wagon,Cooper SE Countryman ALL4,2022,Mini,Plug-in Hybrid Electric,18.0,73.0,29.0,Automatic,1.5L
Sedan/Wagon,Cooper SE Hardtop 2 door,2022,Mini,Electric,114.0,110.0,,Automatic,135 kW electric motor
SUV,Outlander PHEV,2022,Mitsubishi,Plug-in Hybrid Electric,24.0,74.0,26.0,Automatic,2.4L
Sedan/Wagon,Leaf (40 kWh battery pack),2022,Nissan,Electric,149.0,111.0,,Automatic,110 kW electric motor
Sedan/Wagon,Leaf (62 kWh battery pack),2022,Nissan,Electric,226.0,108.0,,Automatic,160 kW electric motor
Sedan/Wagon,Leaf SV/SL (62 kWh battery pack),2022,Nissan,Electric,215.0,104.0,,Automatic,160 kW electric motor
Sedan/Wagon,Polestar 2 (Dual Motor),2022,Polestar Automotive USA,Electric,249.0,89.0,,Automatic,150kW electric motors (X2)
Sedan/Wagon,Polestar 2 (Single Motor),2022,Polestar Automotive USA,Electric,270.0,107.0,,Automatic,170kW electric motor
SUV,Cayenne/Coupe/Platinum e-Hybrid,2022,Porsche,Plug-in Hybrid Electric,17.0,46.0,21.0,Automatic,3.0L 
SUV,Cayenne Turbo S/Coupe e-Hybrid ,2022,Porsche,Plug-in Hybrid Electric,15.0,42.0,18.0,Automatic,4.0L
Sedan/Wagon,Panamera 4 E-Hybrid Executive,2022,Porsche,Plug-in Hybrid Electric,19.0,52.0,22.0,Automatic,2.9L
Sedan/Wagon,Panamera 4S E-Hybrid Executive,2022,Porsche,Plug-in Hybrid Electric,19.0,50.0,22.0,Automatic,2.9L
Sedan/Wagon,Panamera Turbo S E-Hybrid Executive/ST,2022,Porsche,Plug-in Hybrid Electric,17.0,48.0,19.0,Automatic,4.0L
Sedan/Wagon,Taycan 4 Cross Turismo,2022,Porsche,Electric,215.0,76.0,,Automatic,175 and 320 kW electric motors
Sedan/Wagon,Taycan 4S Cross Turismo,2022,Porsche,Electric,215.0,75.0,,Automatic,175 and 320 kW electric motors
Sedan/Wagon,Taycan 4S Perf Battery,2022,Porsche,Electric,199.0,79.0,,Automatic,150 and 270 kW electric motors
Sedan/Wagon,Taycan 4S Perf Battery Plus,2022,Porsche,Electric,227.0,77.0,,Automatic,175 and 320 kW electric motors
Sedan/Wagon,Taycan Perf Battery,2022,Porsche,Electric,200.0,79.0,,Automatic,240 kW electric motor
Sedan/Wagon,Taycan Perf Battery Plus,2022,Porsche,Electric,225.0,75.0,,Automatic,280 kW electric motor
Sedan/Wagon,Taycan Turbo,2022,Porsche,Electric,212.0,73.0,,Automatic,170 and 335 kW electric motors
Sedan/Wagon,Taycan Turbo Cross Turismo,2022,Porsche,Electric,204.0,72.0,,Automatic,175 and 355 kW electric motors
Sedan/Wagon,Taycan Turbo S,2022,Porsche,Electric,201.0,70.0,,Automatic,190 and 335 kW electric motors
Sedan/Wagon,Taycan Turbo S Cross Turismo,2022,Porsche,Electric,202.0,73.0,,Automatic,175 and 355 kW electric motors
Pickup,1500 4X2,2022,Ram,Hybrid Electric,,,22.0,Automatic,3.6L
Pickup,1500 4X4,2022,Ram,Hybrid Electric,,,19.0,Automatic,5.7L
Pickup,1500 HFE 4X2,2022,Ram,Hybrid Electric,,,23.0,Automatic,3.6L
SUV,R1S,2022,Rivian ,Electric,316.0,69.0,,Automatic,"162, 162, 163, 163 kW "
Pickup,R1T,2022,Rivian ,Electric,314.0,70.0,,Automatic,"162, 162, 163, 163 kW "
Sedan/Wagon,Model 3 (Long Range) AWD,2022,Tesla,Electric,353.0,131.0,,Automatic,98 kW and 195 kW electric motors
Sedan/Wagon,Model 3 Performance AWD,2022,Tesla,Electric,315.0,113.0,,Automatic,131kW and 190 kW electric motors
Sedan/Wagon,Model 3 RWD,2022,Tesla,Electric,272.0,132.0,,Automatic,192 kW electric motor
Sedan/Wagon,Model S ,2022,Tesla,Electric,405.0,120.0,,Automatic,247 kW dual electric motors
Sedan/Wagon,"Model S Plaid (19"" Wheels)",2022,Tesla,Electric,396.0,116.0,,Automatic,250 kW electric motors (X3)
Sedan/Wagon,"Model S Plaid (21"" Wheels)",2022,Tesla,Electric,348.0,101.0,,Automatic,250 kW electric motors (X3)
SUV,Model X AWD,2022,Tesla,Electric,348.0,102.0,,Automatic,243 and 248 kW electric motors
SUV,"Model X Plaid (20"" Wheels)",2022,Tesla,Electric,333.0,98.0,,Automatic,230kW electric motors (X3)
SUV,"Model X Plaid (22"" Wheels)",2022,Tesla,Electric,311.0,91.0,,Automatic,230kW electric motors (X3)
SUV,Model Y AWD,2022,Tesla,Electric,279.0,123.0,,Automatic,91 and 200 kW electric motors
SUV,Model Y (Long Range) AWD,2022,Tesla,Electric,330.0,122.0,,Automatic,91 and 200 kW electric motors
SUV,Model Y Performance AWD,2022,Tesla,Electric,303.0,111.0,,Automatic,133 and 179 kW electric motors
SUV,Model Y RWD,2022,Tesla,Electric,244.0,129.0,,Automatic,209 kW electric motor
Sedan/Wagon,Avalon Hybrid ,2022,Toyota,Hybrid Electric,,,43.0,Automatic,2.5L
Sedan/Wagon,Avalon Hybrid XLE,2022,Toyota,Hybrid Electric,,,44.0,Automatic,2.5L
Sedan/Wagon,Camry Hybrid LE,2022,Toyota,Hybrid Electric,,,52.0,Automatic,2.5L
Sedan/Wagon,Camry Hybrid SE/XLE/XSE,2022,Toyota,Hybrid Electric,,,46.0,Automatic,2.5L
Sedan/Wagon,Corolla Hybrid,2022,Toyota,Hybrid Electric,,,52.0,Automatic,1.8L
SUV,Highlander Hybrid,2022,Toyota,Hybrid Electric,,,36.0,Automatic,2.5L
SUV,Highlander Hybrid AWD,2022,Toyota,Hybrid Electric,,,35.0,Automatic,2.5L
SUV,Highlander Hybrid AWD LTD/PLAT,2022,Toyota,Hybrid Electric,,,35.0,Automatic,2.5L
Sedan/Wagon,Mirai LE,2022,Toyota,Hydrogen Fuel Cell,,74.0,,Automatic,134 kW electric motor
Sedan/Wagon,Mirai Limited,2022,Toyota,Hydrogen Fuel Cell,,65.0,,Automatic,134 kW electric motor
Sedan/Wagon,Mirai XLE,2022,Toyota,Hydrogen Fuel Cell,,74.0,,Automatic,134 kW electric motor
Sedan/Wagon,Prius,2022,Toyota,Hybrid Electric,,,52.0,Automatic,1.8L
Sedan/Wagon,Prius AWD,2022,Toyota,Hybrid Electric,,,49.0,Automatic,1.8L
Sedan/Wagon,Prius Eco,2022,Toyota,Hybrid Electric,,,56.0,Automatic,1.8L
Sedan/Wagon,Prius Prime,2022,Toyota,Plug-in Hybrid Electric,25.0,133.0,54.0,Automatic,1.8L
SUV,RAV4 Hybrid AWD,2022,Toyota,Hybrid Electric,,,40.0,Automatic,2.5L
Sedan/Wagon,RAV4 Prime AWD,2022,Toyota,Plug-in Hybrid Electric,42.0,94.0,38.0,Automatic,2.5L
Van,Sienna AWD,2022,Toyota,Hybrid Electric,,,35.0,Automatic,2.5L
Pickup,TUNDRA 2WD,2022,Toyota,Hybrid Electric,,,22.0,Automatic,3.4L
Pickup,TUNDRA 4WD,2022,Toyota,Hybrid Electric,,,20.0,Automatic,3.4L
Pickup,TUNDRA 4WD PRO,2022,Toyota,Hybrid Electric,,,19.0,Automatic,3.4L
SUV,Venza AWD,2022,Toyota,Hybrid Electric,,,39.0,Automatic,2.5L
SUV,ID.4 AWD Pro,2022,Volkswagen,Electric,251.0,101.0,,Automatic,80 and 150 kW electric motors
SUV,ID.4 AWD Pro S,2022,Volkswagen,Electric,245.0,95.0,,Automatic,80 and 150 kW electric motors
SUV,ID.4 Pro,2022,Volkswagen,Electric,275.0,107.0,,Automatic,150 kW electric motor
SUV,ID.4 Pro S,2022,Volkswagen,Electric,262.0,102.0,,Automatic,150 kW electric motor
SUV,C40 Recharge Twin,2022,Volvo,Electric,226.0,87.0,,Automatic,150 kW electric motors (X2)
Sedan/Wagon,S60 T8 AWD Recharge,2022,Volvo,Plug-in Hybrid Electric,22.0,69.0,30.0,Automatic,2.0L
Sedan/Wagon,S60 T8 AWD Recharge ext. Range,2022,Volvo,Plug-in Hybrid Electric,40.0,74.0,31.0,Automatic,2.0L
Sedan/Wagon,S90 T8 AWD Recharge,2022,Volvo,Plug-in Hybrid Electric,21.0,63.0,30.0,Automatic,2.0L
Sedan/Wagon,S90 T8 AWD Recharge ext. Range,2022,Volvo,Plug-in Hybrid Electric,38.0,66.0,29.0,Automatic,2.0L
Sedan/Wagon,V60 T8 AWD Recharge,2022,Volvo,Plug-in Hybrid Electric,22.0,69.0,30.0,Automatic,2.0L
Sedan/Wagon,V60 T8 AWD Recharge ext. Range,2022,Volvo,Plug-in Hybrid Electric,40.0,74.0,31.0,Automatic,2.0L
SUV,XC40 Recharge Twin,2022,Volvo,Electric,223.0,85.0,,Automatic,150kW electric motor
SUV,XC60 T8 AWD Recharge,2022,Volvo,Plug-in Hybrid Electric,19.0,57.0,25.0,Automatic,2.0L
SUV,XC60 T8 AWD Recharge ext. Range,2022,Volvo,Plug-in Hybrid Electric,36.0,63.0,28.0,Automatic,2.0L
SUV,XC90 T8 AWD Recharge,2022,Volvo,Plug-in Hybrid Electric,18.0,55.0,27.0,Automatic,2.0L
SUV,XC90 T8 AWD Recharge ext. Range,2022,Volvo,Plug-in Hybrid Electric,36.0,66.0,26.0,Automatic,2.0L
Sedan/Wagon,NSX,2021,Acura,Hybrid Electric,,,21.0,Automatic,3.5L
Sedan/Wagon,A4 allroad quattro,2021,Audi,Hybrid Electric,,,26.0,Automatic,2.0L
Sedan/Wagon,A4 quattro,2021,Audi,Hybrid Electric,,,28.0,Automatic,2.0L
Sedan/Wagon,A4 S line quattro,2021,Audi,Hybrid Electric,,,27.0,Automatic,2.0L
Sedan/Wagon,A5 Cabriolet quattro,2021,Audi,Hybrid Electric,,,26.0,Automatic,2.0L
Sedan/Wagon,A5 quattro,2021,Audi,Hybrid Electric,,,27.0,Automatic,2.0L
Sedan/Wagon,A5 Sportback quattro,2021,Audi,Hybrid Electric,,,28.0,Automatic,2.0L
Sedan/Wagon,A5 Sportback S line quattro,2021,Audi,Hybrid Electric,,,27.0,Automatic,2.0L
Sedan/Wagon,A6 Allroad,2021,Audi,Hybrid Electric,,,22.0,Automatic,3.0L
Sedan/Wagon,A6 quattro,2021,Audi,Hybrid Electric,,,24.0,Automatic,3.0L
Sedan/Wagon,A7 quattro,2021,Audi,Plug-in Hybrid Electric,24.0,68.0,29.0,Automatic,2.0L
Sedan/Wagon,A7 quattro,2021,Audi,Hybrid Electric,,,24.0,Automatic,3.0L
Sedan/Wagon,A8L,2021,Audi,Hybrid Electric,,,18.0,Automatic,4.0L
Sedan/Wagon,A8L,2021,Audi,Plug-in Hybrid Electric,18.0,53.0,23.0,Automatic,3.0L
SUV,e-tron,2021,Audi,Electric,222.0,78.0,,Automatic,141 kW and 172 kW electric motor
SUV,e-tron Sportback,2021,Audi,Electric,218.0,77.0,,Automatic,141 kW and 172 kW electric motor
SUV,Q5,2021,Audi,Hybrid Electric,,,25.0,Automatic,2.0L
SUV,Q5,2021,Audi,Plug-in Hybrid Electric,19.0,50.0,27.0,Automatic,2.0L
SUV,Q5 Sportback,2021,Audi,Hybrid Electric,,,25.0,Automatic,2.0L
SUV,Q7,2021,Audi,Hybrid Electric,,,20.0,Automatic,3.0L
SUV,Q8,2021,Audi,Hybrid Electric,,,20.0,Automatic,3.0L
Sedan/Wagon,RS 6 Avant,2021,Audi,Hybrid Electric,,,17.0,Automatic,4.0L
Sedan/Wagon,RS7,2021,Audi,Hybrid Electric,,,17.0,Automatic,4.0L
Sedan/Wagon,RS Q8,2021,Audi,Hybrid Electric,,,15.0,Automatic,4.0L
Sedan/Wagon,S6,2021,Audi,Hybrid Electric,,,22.0,Automatic,2.9L
Sedan/Wagon,S7,2021,Audi,Hybrid Electric,,,22.0,Automatic,2.9L
Sedan/Wagon,S8,2021,Audi,Hybrid Electric,,,16.0,Automatic,4.0L
SUV,Bentayga,2021,Bentley Motors,Plug-in Hybrid Electric,18.0,46.0,19.0,Automatic,3.0L
Sedan/Wagon,330e,2021,BMW,Plug-in Hybrid Electric,23.0,75.0,28.0,Automatic,2.0L
Sedan/Wagon,330e xDrive,2021,BMW,Plug-in Hybrid Electric,20.0,67.0,25.0,Automatic,2.0L
Sedan/Wagon,530e,2021,BMW,Plug-in Hybrid Electric,21.0,64.0,26.0,Automatic,2.0L
Sedan/Wagon,530e xDrive,2021,BMW,Plug-in Hybrid Electric,19.0,62.0,25.0,Automatic,2.0L
SUV,540i,2021,BMW,Hybrid Electric,,,27.0,Automatic,3.0L
SUV,540i xDrive,2021,BMW,Hybrid Electric,,,26.0,Automatic,3.0L
Sedan/Wagon,745e xDrive,2021,BMW,Plug-in Hybrid Electric,17.0,56.0,22.0,Automatic,3.0L
Sedan/Wagon,i3,2021,BMW,Electric,153.0,113.0,,Automatic,125 kW electric motor
Sedan/Wagon,i3s,2021,BMW,Electric,153.0,113.0,,Automatic,135 kW electric motor
Sedan/Wagon,i3s with Range Extender,2021,BMW,Plug-in Hybrid Electric,126.0,100.0,31.0,Automatic,135 kW
Sedan/Wagon,i3 with Range Extender,2021,BMW,Plug-in Hybrid Electric,126.0,100.0,31.0,Automatic,125 kW
SUV,M340i,2021,BMW,Hybrid Electric,,,26.0,Automatic,3.0L
SUV,M340i xDrive,2021,BMW,Hybrid Electric,,,25.0,Automatic,3.0L
Sedan/Wagon,M440i Convertible,2021,BMW,Hybrid Electric,,,26.0,Automatic,3.0L
Sedan/Wagon,M440i xDrive Coupe,2021,BMW,Hybrid Electric,,,25.0,Automatic,3.0L
SUV,X3 xDrive30e,2021,BMW,Plug-in Hybrid Electric,18.0,60.0,24.0,Automatic,2.0L
SUV,X5 sDrive40i 2WD,2021,BMW,Hybrid Electric,,,23.0,Automatic,3.0L
SUV,X5 sDrive40i 4WD,2021,BMW,Hybrid Electric,,,23.0,Automatic,3.0L
SUV,X5 xDrive45e,2021,BMW,Plug-in Hybrid Electric,31.0,50.0,20.0,Automatic,3.0L
SUV,X6 sDrive40i 2WD,2021,BMW,Hybrid Electric,,,23.0,Automatic,3.0L
SUV,X6 sDrive40i 4WD,2021,BMW,Hybrid Electric,,,23.0,Automatic,3.0L
SUV,X7 sDrive40i 4WD,2021,BMW,Hybrid Electric,,,21.0,Automatic,3.0L
SUV,Escalade 2WD,2021,Cadillac,Biodiesel (B20),,,23.0,Automatic,3.0L
SUV,Escalade 4WD,2021,Cadillac,Biodiesel (B20),,,22.0,Automatic,3.0L
Sedan/Wagon,Bolt EV,2021,Chevrolet,Electric,259.0,118.0,,,150 kW electric motor
Pickup,Colorado 2WD,2021,Chevrolet,Biodiesel (B20),,,23.0,Automatic,2.8L
Pickup,Colorado 4WD,2021,Chevrolet,Biodiesel (B20),,,22.0,Automatic,2.8L
Pickup,Colorado ZR2 4WD,2021,Chevrolet,Biodiesel (B20),,,19.0,Automatic,2.8L
Pickup,Silverado 2WD,2021,Chevrolet,Biodiesel (B20),,,27.0,Automatic,3.0L
Pickup,Silverado 2WD,2021,Chevrolet,Ethanol (E85),,12.0,16.0,Automatic,5.3L
Pickup,Silverado 4WD,2021,Chevrolet,Biodiesel (B20),,,24.0,Automatic,3.0L
Pickup,Silverado 4WD,2021,Chevrolet,Ethanol (E85),,12.0,16.0,Automatic,5.3L
SUV,Suburban 2WD,2021,Chevrolet,Biodiesel (B20),,,23.0,Automatic,3.0L
SUV,Suburban 4WD,2021,Chevrolet,Biodiesel (B20),,,22.0,Automatic,3.0L
SUV,Tahoe 2WD,2021,Chevrolet,Biodiesel (B20),,,24.0,Automatic,3.0L
SUV,Tahoe 4WD,2021,Chevrolet,Biodiesel (B20),,,22.0,Automatic,3.0L
Van,Pacifica Hybrid,2021,Chrysler,Plug-in Hybrid Electric,32.0,82.0,30.0,Automatic,3.6L
Sedan/Wagon,SF90 Stradale Coupe,2021,Ferrari,Plug-in Hybrid Electric,8.0,51.0,18.0,Automatic,3.9L
Sedan/Wagon,Escape AWD HEV,2021,Ford,Hybrid Electric,,,40.0,Automatic,2.5L I4
Sedan/Wagon,Escape FWD HEV,2021,Ford,Hybrid Electric,,,41.0,Automatic,2.5L I4
SUV,Escape FWD PHEV,2021,Ford,Plug-in Hybrid Electric,37.0,105.0,40.0,Automatic,2.5L
SUV,Explorer AWD FFV,2021,Ford,Ethanol (E85),,13.0,19.0,Automatic,3.3L
SUV,Explorer HEV AWD,2021,Ford,Hybrid Electric,,,25.0,Automatic,3.3L V6
SUV,Explorer HEV RWD,2021,Ford,Hybrid Electric,,,27.0,Automatic,3.3L V6
Pickup,F-150 2WD,2021,Ford,Biodiesel (B20),,,23.0,Automatic,3.0L
Pickup,F-150 2WD FFV,2021,Ford,Ethanol (E85),,16.0,21.0,Automatic,3.3L
Pickup,F-150 4WD,2021,Ford,Biodiesel (B20),,,23.0,Automatic,3.0L
Pickup,F-150 4WD FFV,2021,Ford,Ethanol (E85),,15.0,20.0,Automatic,3.3L
Pickup,F150 Pickup 2WD HEV,2021,Ford,Hybrid Electric,,,25.0,Automatic,3.5L V6
Pickup,F150 Pickup 4WD HEV,2021,Ford,Hybrid Electric,,,24.0,Automatic,3.5L V6
Sedan/Wagon,Mustang Mach-E AWD,2021,Ford,Electric,211.0,93.0,,Automatic,198 kW electric motor
Sedan/Wagon,Mustang Mach-E AWD Extended,2021,Ford,Electric,270.0,90.0,,Automatic,209 kW electric motor
Sedan/Wagon,Mustang Mach-E GT AWD,2021,Ford,Electric,270.0,84.0,,Automatic,179  kW electric motors (X2)
Sedan/Wagon,Mustang Mach-E RWD,2021,Ford,Electric,230.0,100.0,,Automatic,198 kW electric motor
Sedan/Wagon,Mustang Mach-E RWD California Route 1,2021,Ford,Electric,305.0,101.0,,Automatic,216 kW electric motor
Sedan/Wagon,Mustang Mach-E RWD Extended,2021,Ford,Electric,300.0,97.0,,Automatic,216 kW electric motor
Van,Transit Connect Van FFV,2021,Ford,Ethanol (E85),,19.0,25.0,Automatic,2.0L
Passenger Van/Shuttle Bus,Transit Connect Wagon LWB FFV,2021,Ford,Ethanol (E85),,19.0,26.0,Automatic,2.0L
Passenger Van/Shuttle Bus,Transit T150 Passenger Van 2WD FFV,2021,Ford,Ethanol (E85),,12.0,16.0,Automatic,3.5L
Passenger Van/Shuttle Bus,Transit T150 Passenger Van 4WD FFV,2021,Ford,Ethanol (E85),,12.0,16.0,Automatic,3.5L
Pickup,Canyon 2WD,2021,GMC,Biodiesel (B20),,,23.0,Automatic,2.8L
Pickup,Canyon 4WD,2021,GMC,Biodiesel (B20),,,22.0,Automatic,2.8L
Pickup,Sierra 2WD,2021,GMC,Biodiesel (B20),,,26.0,Automatic,3.0L
Pickup,Sierra 2WD,2021,GMC,Ethanol (E85),,12.0,16.0,Automatic,5.3L
Pickup,Sierra 4WD,2021,GMC,Biodiesel (B20),,,24.0,Automatic,3.0L
Pickup,Sierra 4WD,2021,GMC,Ethanol (E85),,12.0,16.0,Automatic,5.3L
Pickup,Sierra 4WD AT4,2021,GMC,Biodiesel (B20),,,24.0,Automatic,3.0L
SUV,Yukon 2WD,2021,GMC,Biodiesel (B20),,,23.0,Automatic,3.0L
SUV,Yukon 4WD,2021,GMC,Biodiesel (B20),,,22.0,Automatic,3.0L
SUV,Yukon XL 2WD,2021,GMC,Biodiesel (B20),,,23.0,Automatic,3.0L
SUV,Yukon XL 4WD,2021,GMC,Biodiesel (B20),,,22.0,Automatic,3.0L
Sedan/Wagon,Accord,2021,Honda,Hybrid Electric,,,48.0,Automatic,2.0L
Sedan/Wagon,Accord Sport/Touring,2021,Honda,Hybrid Electric,,,43.0,Automatic,2.0L
Sedan/Wagon,Clarity,2021,Honda,Hydrogen Fuel Cell,,68.0,,Automatic,130 kW electric motor
Sedan/Wagon,Clarity PHEV,2021,Honda,Plug-in Hybrid Electric,48.0,110.0,42.0,Automatic,1.5L
SUV,CR-V AWD,2021,Honda,Hybrid Electric,,,38.0,Automatic,2.0L
Sedan/Wagon,Insight,2021,Honda,Hybrid Electric,,,52.0,Automatic,1.5L
Sedan/Wagon,Insight Touring,2021,Honda,Hybrid Electric,,,48.0,Automatic,1.5L
Sedan/Wagon,Elantra Hybrid,2021,Hyundai,Hybrid Electric,,,50.0,Automatic,1.6L
Sedan/Wagon,Elantra Hybrid Blue,2021,Hyundai,Hybrid Electric,,,54.0,Automatic,1.6L
Sedan/Wagon,Ioniq,2021,Hyundai,Hybrid Electric,,,55.0,Automatic,1.6L
Sedan/Wagon,Ioniq Blue,2021,Hyundai,Hybrid Electric,,,59.0,Automatic,1.6L
Sedan/Wagon,Ioniq Electric,2021,Hyundai,Electric,170.0,133.0,,Automatic,100 kW electric motor
Sedan/Wagon,Ioniq Plug-in Hybrid,2021,Hyundai,Plug-in Hybrid Electric,29.0,119.0,52.0,Automatic,1.6L
SUV,Kona Electric,2021,Hyundai,Electric,258.0,120.0,,Automatic,150 kW electric motor
SUV,Nexo,2021,Hyundai,Hydrogen Fuel Cell,,57.0,,Automatic,120 kW electric motor
SUV,Nexo Blue,2021,Hyundai,Hydrogen Fuel Cell,,61.0,,Automatic,120 kW electric motor
Sedan/Wagon,Santa Fe Hybrid,2021,Hyundai,Hybrid Electric,,,32.0,Automatic,1.6L
Sedan/Wagon,Santa Fe Hybrid Blue,2021,Hyundai,Hybrid Electric,,,34.0,Automatic,1.6L
Sedan/Wagon,Sonata Hybrid,2021,Hyundai,Hybrid Electric,,,47.0,Automatic,2.0L
Sedan/Wagon,Sonata Hybrid Blue,2021,Hyundai,Hybrid Electric,,,52.0,Automatic,2.0L
SUV,E-PACE MHEV,2021,Jaguar,Hybrid Electric,,,23.0,Automatic,2.0L
SUV,F-PACE P340 MHEV,2021,Jaguar,Hybrid Electric,,,22.0,Automatic,3.0L
SUV,F-PACE P400 MHEV,2021,Jaguar,Hybrid Electric,,,22.0,Automatic,3.0L
SUV,I-PACE EV400,2021,Jaguar,Electric,234.0,76.0,,Automatic,
SUV,Wrangler 2dr 4x4,2021,Jeep,Hybrid Electric,,,21.0,Automatic,3.6L
SUV,Wrangler 4dr 4x4,2021,Jeep,Hybrid Electric,,,21.0,Automatic,3.6L
SUV,Wrangler 4dr 4xe,2021,Jeep,Plug-in Hybrid Electric,22.0,49.0,20.0,Automatic,2.0L
Sedan/Wagon,K27,2021,Kandi,Electric,59.0,114.0,,Automatic,20 kW electric motor
Sedan/Wagon,"GS-6 (21"" wheels)",2021,Karma,Plug-in Hybrid Electric,61.0,70.0,26.0,Automatic,1.5L
Sedan/Wagon,"Revero GT (21"" wheels)",2021,Karma,Plug-in Hybrid Electric,61.0,70.0,26.0,Automatic,1.5L
Sedan/Wagon,Niro,2021,Kia,Hybrid Electric,,,49.0,Automatic,1.6L
Sedan/Wagon,Niro Electric,2021,Kia,Electric,239.0,112.0,,Automatic,150 kW electric motor
Sedan/Wagon,Niro FE,2021,Kia,Hybrid Electric,,,50.0,Automatic,1.6L
Sedan/Wagon,Niro Plug-in Hybrid,2021,Kia,Plug-in Hybrid Electric,26.0,105.0,46.0,Automatic,1.6L
Sedan/Wagon,Niro Touring,2021,Kia,Hybrid Electric,,,43.0,Automatic,1.6L
SUV,Sorento Hybrid,2021,Kia,Hybrid Electric,,,37.0,Automatic,1.6L
SUV,Defender 110 MHEV,2021,Land Rover,Hybrid Electric,,,19.0,Automatic,3.0L
SUV,Defender 90 MHEV,2021,Land Rover,Hybrid Electric,,,19.0,Automatic,3.0L
SUV,Discovery MHEV,2021,Land Rover,Hybrid Electric,,,21.0,Automatic,3.0L
SUV,Range Rover ,2021,Land Rover,Biodiesel (B20),,,24.0,Automatic,3.0L
SUV,Range Rover MHEV,2021,Land Rover,Hybrid Electric,,,20.0,Automatic,3.0L
SUV,Range Rover PHEV,2021,Land Rover,Plug-in Hybrid Electric,19.0,42.0,19.0,Automatic,2.0L
SUV,Range Rover Sport,2021,Land Rover,Biodiesel (B20),,,24.0,Automatic,3.0L
SUV,Range Rover Sport MHEV,2021,Land Rover,Hybrid Electric,,,21.0,Automatic,3.0L
SUV,Range Rover Sport PHEV,2021,Land Rover,Plug-in Hybrid Electric,19.0,42.0,20.0,Automatic,2.0L
SUV,Range Rover Velar P340 MHEV,2021,Land Rover,Hybrid Electric,,,22.0,Automatic,3.0L
SUV,Range Rover Velar P400 MHEV,2021,Land Rover,Hybrid Electric,,,21.0,Automatic,3.0L
Sedan/Wagon,ES 300h,2021,Lexus,Hybrid Electric,,,44.0,Automatic,2.5L
Sedan/Wagon,LC 500h,2021,Lexus,Hybrid Electric,,,29.0,Automatic,3.5L
Sedan/Wagon,LS 500h,2021,Lexus,Hybrid Electric,,,28.0,Automatic,3.5L
Sedan/Wagon,LS 500h AWD,2021,Lexus,Hybrid Electric,,,26.0,Automatic,3.5L
SUV,NX 300h AWD,2021,Lexus,Hybrid Electric,,,31.0,Automatic,2.5L
SUV,RX 450h AWD,2021,Lexus,Hybrid Electric,,,30.0,Automatic,3.5L
SUV,RX 450h L AWD,2021,Lexus,Hybrid Electric,,,29.0,Automatic,3.5L
Sedan/Wagon,UX 250h,2021,Lexus,Hybrid Electric,,,42.0,Automatic,2.0L
Sedan/Wagon,UX 250h AWD,2021,Lexus,Hybrid Electric,,,39.0,Automatic,2.0L
SUV,Aviator AWD PHEV,2021,Lincoln,Plug-in Hybrid Electric,21.0,56.0,23.0,Automatic,3.0L
SUV,Corsair AWD PHEV,2021,Lincoln,Plug-in Hybrid Electric,28.0,78.0,33.0,Automatic,2.5L
Sedan/Wagon,AMG CLS 53 4MATIC+,2021,Mercedes-Benz,Hybrid Electric,,,23.0,Automatic,3.0L
Sedan/Wagon,AMG E53 4MATIC+,2021,Mercedes-Benz,Hybrid Electric,,,25.0,Automatic,3.0L
Sedan/Wagon,AMG E53 4MATIC+ (Convertible),2021,Mercedes-Benz,Hybrid Electric,,,23.0,Automatic,3.0L
Sedan/Wagon,AMG E53 4MATIC+ (Coupe),2021,Mercedes-Benz,Hybrid Electric,,,24.0,Automatic,3.0L
SUV,AMG GLE 53 4MATIC+,2021,Mercedes-Benz,Hybrid Electric,,,19.0,Automatic,3.0L
SUV,AMG GLE 53 4MATIC+ Coupe,2021,Mercedes-Benz,Hybrid Electric,,,20.0,Automatic,3.0L
SUV,AMG GLE 63 4MATIC+,2021,Mercedes-Benz,Hybrid Electric,,,16.0,Automatic,4.0L
SUV,AMG GLE 63 S 4MATIC+ Coupe,2021,Mercedes-Benz,Hybrid Electric,,,17.0,Automatic,4.0L
SUV,AMG GLS 63 4MATIC+,2021,Mercedes-Benz,Hybrid Electric,,,16.0,Automatic,4.0L
Sedan/Wagon,AMG GT 43 4MATIC+,2021,Mercedes-Benz,Hybrid Electric,,,22.0,Automatic,3.0L
Sedan/Wagon,AMG GT 53 4MATIC+,2021,Mercedes-Benz,Hybrid Electric,,,22.0,Automatic,3.0L
Sedan/Wagon,CLS 450,2021,Mercedes-Benz,Hybrid Electric,,,26.0,Automatic,3.0L
Sedan/Wagon,CLS 450 4MATIC,2021,Mercedes-Benz,Hybrid Electric,,,25.0,Automatic,3.0L
Sedan/Wagon,E 450 4MATIC,2021,Mercedes-Benz,Hybrid Electric,,,26.0,Automatic,3.0L
Sedan/Wagon,E 450 4MATIC All-Terrain (wagon),2021,Mercedes-Benz,Hybrid Electric,,,24.0,Automatic,3.0L
Sedan/Wagon,E 450 4MATIC (Convertible),2021,Mercedes-Benz,Hybrid Electric,,,25.0,Automatic,3.0L
Sedan/Wagon,E 450 4MATIC (Coupe),2021,Mercedes-Benz,Hybrid Electric,,,25.0,Automatic,3.0L
Sedan/Wagon,E 450 (Convertible),2021,Mercedes-Benz,Hybrid Electric,,,25.0,Automatic,3.0L
Sedan/Wagon,E 450 (Coupe),2021,Mercedes-Benz,Hybrid Electric,,,26.0,Automatic,3.0L
SUV,GLE 450 4MATIC,2021,Mercedes-Benz,Hybrid Electric,,,23.0,Automatic,3.0L
SUV,GLE 580 4MATIC,2021,Mercedes-Benz,Hybrid Electric,,,19.0,Automatic,4.0L
SUV,GLS 450 4MATIC,2021,Mercedes-Benz,Hybrid Electric,,,21.0,Automatic,3.0L
SUV,GLS 580 4MATIC,2021,Mercedes-Benz,Hybrid Electric,,,18.0,Automatic,4.0L
SUV,GLS 600 4MATIC Maybach,2021,Mercedes-Benz,Hybrid Electric,,,16.0,Automatic,4.0L
Sedan/Wagon,S 500 4MATIC,2021,Mercedes-Benz,Hybrid Electric,,,24.0,Automatic,3.0L
Sedan/Wagon,S 580 4MATIC,2021,Mercedes-Benz,Hybrid Electric,,,20.0,Automatic,4.0L
Sedan/Wagon,S 580 4MATIC Maybach,2021,Mercedes-Benz,Hybrid Electric,,,19.0,Automatic,4.0L
Sedan/Wagon,Cooper SE Countryman ALL4,2021,Mini,Plug-in Hybrid Electric,18.0,73.0,29.0,Automatic,1.5L
Sedan/Wagon,Cooper SE Hardtop 2 door,2021,Mini,Electric,110.0,108.0,,Automatic,135 kW electric motor
SUV,Outlander PHEV,2021,Mitsubishi,Plug-in Hybrid Electric,24.0,74.0,26.0,Automatic,2.4L
Sedan/Wagon,Leaf (40 kWh battery pack),2021,Nissan,Electric,149.0,111.0,,Automatic,110 kW electric motor
Sedan/Wagon,Leaf (62 kWh battery pack),2021,Nissan,Electric,226.0,108.0,,Automatic,160 kW electric motor
Sedan/Wagon,Leaf SV/SL (62 kWh battery pack),2021,Nissan,Electric,215.0,104.0,,Automatic,160 kW electric motor
Sedan/Wagon,Polestar 2,2021,Polestar Automotive USA,Electric,233.0,92.0,,Automatic,
Sedan/Wagon,Polestar I,2021,Polestar Automotive USA,Plug-in Hybrid Electric,52.0,58.0,26.0,Automatic,2.0L
SUV,Cayenne e-Hybrid,2021,Porsche,Plug-in Hybrid Electric,17.0,46.0,21.0,Automatic,3.0L 
SUV,Cayenne e-Hybrid Coupe,2021,Porsche,Plug-in Hybrid Electric,17.0,46.0,21.0,Automatic,3.0L 
SUV,Cayenne Turbo S e-Hybrid,2021,Porsche,Plug-in Hybrid Electric,15.0,42.0,18.0,Automatic,4.0L
SUV,Cayenne Turbo S e-Hybrid Coupe,2021,Porsche,Plug-in Hybrid Electric,15.0,42.0,18.0,Automatic,4.0L
Sedan/Wagon,Panamera 4 E-Hybrid,2021,Porsche,Plug-in Hybrid Electric,19.0,52.0,22.0,Automatic,2.9L
Sedan/Wagon,Panamera 4 E-Hybrid Executive,2021,Porsche,Plug-in Hybrid Electric,19.0,52.0,22.0,Automatic,2.9L
Sedan/Wagon,Panamera 4 E-Hybrid ST,2021,Porsche,Plug-in Hybrid Electric,19.0,52.0,22.0,Automatic,2.9L
Sedan/Wagon,Panamera 4S E-Hybrid,2021,Porsche,Plug-in Hybrid Electric,19.0,50.0,22.0,Automatic,2.9L
Sedan/Wagon,Panamera 4S E-Hybrid Executive,2021,Porsche,Plug-in Hybrid Electric,19.0,50.0,22.0,Automatic,2.9L
Sedan/Wagon,Panamera 4S E-Hybrid ST,2021,Porsche,Plug-in Hybrid Electric,19.0,50.0,22.0,Automatic,2.9L
Sedan/Wagon,Panamera Turbo S E-Hybrid,2021,Porsche,Plug-in Hybrid Electric,17.0,48.0,19.0,Automatic,4.0L
Sedan/Wagon,Panamera Turbo S E-Hybrid Executive,2021,Porsche,Plug-in Hybrid Electric,17.0,48.0,19.0,Automatic,4.0L
Sedan/Wagon,Panamera Turbo S E-Hybrid ST,2021,Porsche,Plug-in Hybrid Electric,17.0,48.0,19.0,Automatic,4.0L
Sedan/Wagon,Taycan 4S Perf Battery,2021,Porsche,Electric,199.0,79.0,,Automatic,194 and 280 kW electric motors
Sedan/Wagon,Taycan 4S Perf Battery Plus,2021,Porsche,Electric,227.0,77.0,,Automatic,210 and 250 kW electric motors
Sedan/Wagon,Taycan Perf Battery,2021,Porsche,Electric,200.0,79.0,,Automatic,240 kW electric motor
Sedan/Wagon,Taycan Perf Battery Plus,2021,Porsche,Electric,225.0,75.0,,Automatic,280 kW electric motor
Sedan/Wagon,Taycan Turbo,2021,Porsche,Electric,212.0,73.0,,Automatic,
Sedan/Wagon,Taycan Turbo S,2021,Porsche,Electric,201.0,70.0,,Automatic,
Pickup,1500 2WD,2021,Ram,Hybrid Electric,,,22.0,Automatic,3.6L
Pickup,1500 4WD,2021,Ram,Hybrid Electric,,,21.0,Automatic,3.6L
Pickup,1500 HFE 4X2,2021,Ram,Hybrid Electric,,,23.0,Automatic,3.6L
SUV,Crosstrek Hybrid AWD,2021,Subaru,Plug-in Hybrid Electric,17.0,90.0,35.0,Automatic,2.0L
Sedan/Wagon,Model 3 Long Range AWD,2021,Tesla,Electric,353.0,134.0,,Automatic,131 and 190 kW electric motors
Sedan/Wagon,Model 3 Performance AWD,2021,Tesla,Electric,315.0,113.0,,Automatic,131 and 190 kW electric motors
Sedan/Wagon,Model 3 Standard Range Plus RWD,2021,Tesla,Electric,263.0,142.0,,Automatic,198 kW electric motor
Sedan/Wagon,Model S Long Range,2021,Tesla,Electric,405.0,120.0,,Automatic,179 kW and 186 kW electric motor
Sedan/Wagon,"Model S Performance (19"" Wheels)",2021,Tesla,Electric,387.0,110.0,,Automatic,149 kW and 276 kW electric motor
Sedan/Wagon,"Model S Plaid (21"" Wheels)",2021,Tesla,Electric,348.0,101.0,,Automatic,250 kW electric motors (X3)
SUV,Model X Long Range Plus,2021,Tesla,Electric,371.0,105.0,,Automatic,180 and 189 kW electric motor
SUV,"Model X Performance (20"" Wheels)",2021,Tesla,Electric,341.0,97.0,,Automatic,151 and 273 kW electric motors
SUV,Model Y Long Range AWD,2021,Tesla,Electric,326.0,125.0,,Automatic,69 and 201 kW electric motors
SUV,Model Y Performance AWD,2021,Tesla,Electric,303.0,111.0,,Automatic,133 and 179 kW electric motors
SUV,Model Y Standard Range RWD,2021,Tesla,Electric,244.0,129.0,,Automatic,209 kW electric motor
Sedan/Wagon,Avalon Hybrid,2021,Toyota,Hybrid Electric,,,43.0,Automatic,2.5L
Sedan/Wagon,Avalon Hybrid XLE,2021,Toyota,Hybrid Electric,,,44.0,Automatic,2.5L
Sedan/Wagon,Camry Hybrid LE,2021,Toyota,Hybrid Electric,,,52.0,Automatic,2.5L
Sedan/Wagon,Camry Hybrid SE/XLE/XSE,2021,Toyota,Hybrid Electric,,,46.0,Automatic,2.5L
Sedan/Wagon,Corolla Hybrid,2021,Toyota,Hybrid Electric,,,52.0,Automatic,1.8L
SUV,Highlander Hybrid,2021,Toyota,Hybrid Electric,,,36.0,Automatic,2.5L
SUV,Highlander Hybrid AWD,2021,Toyota,Hybrid Electric,,,35.0,Automatic,2.5L
SUV,Highlander Hybrid AWD LTD/PLAT,2021,Toyota,Hybrid Electric,,,35.0,Automatic,2.5L
Sedan/Wagon,Mirai Limited,2021,Toyota,Hydrogen Fuel Cell,,65.0,,Automatic,134 kW electric motor
Sedan/Wagon,Mirai XLE,2021,Toyota,Hydrogen Fuel Cell,,72.0,,Automatic,134 kW electric motor
Sedan/Wagon,Prius,2021,Toyota,Hybrid Electric,,,52.0,Automatic,1.8L
Sedan/Wagon,Prius AWD,2021,Toyota,Hybrid Electric,,,49.0,Automatic,1.8L
Sedan/Wagon,Prius Eco,2021,Toyota,Hybrid Electric,,,56.0,Automatic,1.8L
Sedan/Wagon,Prius Prime,2021,Toyota,Plug-in Hybrid Electric,25.0,133.0,54.0,Automatic,1.8L
SUV,RAV4 Hybrid AWD,2021,Toyota,Hybrid Electric,,,40.0,Automatic,2.5L
Sedan/Wagon,RAV4 Prime AWD,2021,Toyota,Plug-in Hybrid Electric,42.0,94.0,38.0,Automatic,2.5L
Van,Sienna,2021,Toyota,Hybrid Electric,,,36.0,Automatic,2.5L
Van,Sienna AWD,2021,Toyota,Hybrid Electric,,,35.0,Automatic,2.5L
SUV,Venza AWD,2021,Toyota,Hybrid Electric,,,39.0,Automatic,2.5L
SUV,ID.4 1st,2021,Volkswagen,Electric,250.0,97.0,,Automatic,150 kW electric motor
SUV,ID.4 AWD Pro,2021,Volkswagen,Electric,249.0,97.0,,Automatic,80 and 150 kW electric motors
SUV,ID.4 Pro,2021,Volkswagen,Electric,260.0,99.0,,Automatic,150 kW electric motor
SUV,ID.4 Pro S,2021,Volkswagen,Electric,250.0,97.0,,Automatic,150 kW electric motor
SUV,ID.4 Pro S AWD ,2021,Volkswagen,Electric,240.0,93.0,,Automatic,80 and 150 kW electric motors
Sedan/Wagon,S60 AWD,2021,Volvo,Plug-in Hybrid Electric,22.0,69.0,30.0,Automatic,2.0L
Sedan/Wagon,S90 AWD,2021,Volvo,Plug-in Hybrid Electric,21.0,60.0,30.0,Automatic,2.0L
SUV,V60 AWD,2021,Volvo,Plug-in Hybrid Electric,22.0,69.0,30.0,Automatic,2.0L
SUV,XC40 Recharge,2021,Volvo,Electric,208.0,79.0,,Automatic,
SUV,XC60 AWD,2021,Volvo,Plug-in Hybrid Electric,19.0,57.0,27.0,Automatic,2.0L
SUV,XC90 AWD,2021,Volvo,Plug-in Hybrid Electric,18.0,55.0,27.0,Automatic,2.0L
